団体コード,総数,100歳以上
,125583658,64454
010006,5342618,2879
011002,1936173,842
011011,229800,98
011029,282050,126
011037,259818,107
011045,210612,96
011053,218426,85
011061,139317,82
011070,212547,83
011088,127625,49
011096,141162,69
011100,114816,47
012025,264592,119
012033,120220,76
012041,342036,190
012050,86821,45
012068,173893,81
012076,167515,80
012084,119617,78
012092,8659,13
012106,83817,58
012114,36710,22
012122,22035,9
012131,172623,53
012149,35161,10
012157,22675,15
012165,14472,13
012173,118748,60
012181,10712,13
012190,22564,8
012203,19637,18
012211,28216,29
012220,8983,9
012238,26750,8
012246,95902,20
012254,41163,33
012262,17542,20
012271,3519,1
012289,21525,24
012297,22420,19
012301,49296,18
012319,68949,17
012335,34993,25
012343,58953,31
012351,58634,36
012360,47024,17
013030,16538,8
013048,3218,7
013315,7760,6
013323,4310,5
013331,4573,3
013340,4402,1
013374,28492,11
013439,4009,1
013455,16029,9
013463,17144,17
013471,5559,3
013617,8071,8
013625,5111,8
013633,4086,6
013641,3915,4
013676,2789,3
013706,5542,8
013714,8424,15
013919,1543,2
013927,3051,3
013935,2972,6
013943,4866,5
013951,4782,0
013960,2087,3
013978,1832,2
013986,2209,0
013994,3095,2
014001,14922,7
014010,6111,6
014028,13145,8
014036,1736,1
014044,900,1
014052,2192,0
014061,3205,3
014079,3371,1
014087,19502,14
014095,1109,3
014231,7746,5
014249,5638,8
014257,3238,4
014273,5356,4
014281,11192,3
014290,12252,14
014303,3413,1
014311,1956,6
014320,6782,7
014338,3097,2
014346,2431,4
014362,2534,4
014371,1959,6
014389,3191,6
014524,7123,12
014532,10378,6
014541,6629,5
014559,3826,3
014567,2929,8
014575,3745,3
014583,7934,7
014591,10283,10
014605,10949,3
014613,5102,4
014621,2581,5
014630,1114,1
014648,3527,8
014656,3272,6
014681,3341,5
014699,4564,9
014702,786,0
014711,1628,2
014729,1574,1
014818,4548,2
014826,3223,4
014834,3235,4
014842,7315,7
014851,1233,0
014869,2761,1
014877,3184,7
015113,2655,2
015121,3714,3
015130,1773,0
015148,8400,3
015164,4035,0
015172,2607,1
015181,2146,0
015199,2635,2
015202,2404,3
015431,20190,18
015440,4973,3
015458,11734,8
015466,4201,8
015474,5038,2
015491,5173,7
015504,3029,5
015521,5207,11
015555,20661,15
015598,9081,9
015601,2717,3
015610,3858,0
015628,1108,0
015636,4389,3
015644,7394,7
015717,4153,4
015750,2623,2
015784,17592,12
015814,4650,3
015849,9103,10
015857,8231,7
015865,8503,3
016012,12413,5
016021,5176,3
016047,5606,8
016071,12698,8
016080,4516,2
016098,4900,4
016101,23341,18
016314,45156,29
016322,6177,6
016331,4854,1
016349,5508,1
016357,6190,6
016365,9680,14
016373,18881,16
016381,3945,5
016390,3259,3
016411,5673,5
016420,7144,4
016438,27203,15
016446,6981,7
016454,3215,4
016462,7379,5
016471,7119,7
016489,2478,10
016497,4986,2
016616,19934,4
016624,9737,2
016632,6049,2
016641,7757,7
016659,7571,10
016675,2506,0
016683,8171,1
016918,15251,5
016926,23818,6
016934,5329,2
016942,5320,1
016951,0,0
016969,0,0
016977,0,0
016985,0,0
016993,0,0
017001,0,0
020001,1319349,571
022012,289250,74
022021,175038,80
022039,233252,75
022047,34491,11
022055,56484,30
022063,62724,27
022071,40065,14
022080,59801,31
022098,33773,20
022101,31978,16
023001,23631,10
023019,11440,2
023035,2839,4
023043,2919,0
023078,6433,4
023205,19208,12
023213,10499,6
023230,8709,6
023400,1378,0
023434,1378,0
023604,33393,18
023612,15296,9
023621,10057,5
023671,8040,4
023809,39183,23
023817,14146,4
023841,13415,9
023876,11622,10
024007,99405,57
024015,13687,8
024023,16252,15
024058,10912,7
024066,4674,6
024082,18185,11
024112,10467,2
024121,25228,8
024201,16533,9
024236,5583,1
024244,6750,5
024252,2048,0
024261,2152,3
024406,69762,64
024414,10553,12
024422,17962,16
024431,5826,8
024457,18915,17
024465,13860,7
024503,2646,4
030007,1271103,776
032018,291368,122
032026,54996,36
032034,37547,36
032051,97751,57
032069,92811,60
032077,35972,26
032085,28181,21
032093,120247,85
032107,19740,19
032115,35084,20
032131,27856,19
032140,26550,19
032158,119595,88
032166,55110,11
033006,37439,23
033014,17064,13
033022,6467,1
033031,13908,9
033201,60616,24
033219,33434,15
033227,27182,9
033600,5979,8
033669,5979,8
033804,15774,13
033812,15774,13
034002,7851,12
034029,7851,12
034401,5744,5
034410,5744,5
034606,12270,3
034614,12270,3
034801,32300,28
034827,16136,13
034835,9791,6
034843,3568,5
034851,2805,4
035009,37387,31
035017,9511,3
035033,4387,8
035068,6051,6
035076,17438,14
035203,12935,10
035246,12935,10
040002,2300472,943
041009,1046404,345
041017,286346,130
041025,187835,58
041033,132517,35
041041,225271,60
041050,214435,62
042021,146608,75
042030,54804,22
042056,65541,35
042064,35026,19
042072,77465,19
042081,29926,17
042099,62048,16
042111,44122,26
042129,81719,50
042137,70186,51
042145,40161,22
042153,132447,53
042161,52345,4
043001,13858,9
043010,12375,6
043028,1483,3
043206,82080,37
043214,23532,9
043222,11372,6
043231,38124,17
043249,9052,5
043401,14105,20
043419,14105,20
043605,46358,34
043613,33932,23
043621,12426,11
044008,69928,24
044016,14625,12
044041,19137,4
044067,36166,8
044202,42593,22
044211,28453,13
044229,8327,6
044245,5813,3
044407,31155,18
044440,7080,3
044458,24075,15
045004,41600,15
045012,16704,7
045055,24896,8
045802,6601,6
045811,6601,6
046001,13392,4
046060,13392,4
050008,1025559,633
052019,313543,139
052027,55056,39
052035,92875,61
052043,74434,65
052060,28992,27
052078,46947,36
052094,32096,18
052108,79426,48
052116,33442,17
052124,83897,43
052132,33344,31
052141,25472,16
052159,27443,22
053007,5355,7
053031,5355,7
053201,2423,3
053279,2423,3
053406,28347,22
053465,3480,3
053481,17372,14
053490,7495,5
053601,24001,14
053619,9762,6
053635,6089,3
053660,4948,1
053686,3202,4
054208,20259,14
054348,20259,14
054607,18207,11
054631,15581,7
054640,2626,4
060003,1112238,648
062014,247916,124
062022,82268,64
062031,129445,76
062049,105024,49
062057,36453,9
062065,41376,20
062073,31253,19
062081,24957,16
062090,27315,17
062103,61796,27
062111,47481,31
062120,16908,14
062138,31995,19
063002,26176,21
063011,14612,14
063029,11564,7
063207,40482,43
063215,19111,18
063223,5660,8
063231,7187,8
063240,8524,9
063401,7343,5
063410,7343,5
063606,41041,25
063614,5773,3
063622,8948,9
063631,5584,2
063649,8146,4
063657,3417,2
063665,4381,2
063673,4792,3
063801,39692,29
063819,23947,16
063827,15745,13
064009,29597,17
064017,7962,4
064025,14251,6
064033,7384,7
064203,29429,10
064262,7526,3
064289,21903,7
064602,14291,13
064611,14291,13
070009,1926751,1010
072010,281746,115
072028,120836,53
072036,324698,128
072044,327831,161
072052,61720,16
072079,77304,29
072087,49343,42
072095,35586,16
072109,55965,33
072117,38003,28
072125,62608,42
072133,61897,38
072141,30576,17
073008,35629,17
073016,12178,7
073032,9435,2
073083,14016,8
073202,8536,10
073229,8536,10
073407,18590,6
073423,12754,2
073440,5836,4
073601,27460,38
073628,6014,8
073644,582,1
073679,4505,4
073687,16359,25
074004,28029,32
074021,2883,0
074055,6722,11
074071,3587,4
074080,14837,17
074209,23346,12
074217,16450,9
074225,3342,0
074233,3554,3
074403,26323,31
074446,1714,2
074454,2189,7
074462,1321,1
074471,21099,21
074608,49165,25
074616,19896,8
074641,6514,6
074659,5183,4
074667,17572,7
074802,33137,20
074811,14368,8
074829,6018,4
074837,9122,8
074845,3629,0
075001,41132,23
075019,15819,10
075027,6862,1
075035,6306,2
075043,6593,5
075051,5552,5
075205,28033,30
075213,17518,13
075221,10515,17
075400,65158,35
075418,4987,1
075426,7256,2
075434,13538,2
075442,2701,2
075451,10617,9
075469,6143,7
075477,18448,10
075485,1468,2
075604,14100,13
075612,8010,9
075647,6090,4
080004,2903615,1324
082015,269970,152
082023,182912,109
082031,140160,67
082040,141398,45
082058,75828,44
082074,50638,27
082082,76834,18
082104,42714,29
082112,59839,27
082121,53692,66
082147,29507,11
082155,44616,31
082163,76852,38
082171,106851,40
082198,83940,19
082201,218394,72
082210,158219,61
082228,67251,19
082236,28668,13
082244,65501,14
082252,43221,38
082261,55224,31
082279,104731,45
082287,53587,21
082295,41939,15
082309,41686,10
082317,43359,28
082325,92724,13
082333,35248,21
082341,47904,26
082350,50464,23
082368,50926,15
083003,69702,38
083020,32757,12
083097,16665,11
083101,20280,15
083402,38066,22
083411,38066,22
083607,18082,15
083640,18082,15
084409,71568,27
084425,15672,5
084433,46743,17
084476,9153,5
085201,21652,10
085219,21652,10
085405,33308,13
085421,8715,6
085464,24593,7
085600,16440,11
085642,16440,11
090000,1955876,847
092011,513835,167
092029,147317,65
092037,159250,66
092045,118105,48
092053,98258,53
092061,84219,64
092088,160610,56
092096,77880,26
092100,71500,41
092118,33144,23
092134,116229,53
092142,44059,20
092151,27347,19
092169,59535,22
093009,31121,10
093017,31121,10
093408,64728,41
093424,23584,11
093432,13527,16
093441,11859,6
093459,15758,8
093602,64818,16
093611,39337,10
093645,25481,6
093807,41088,26
093840,11734,10
093866,29354,16
094005,42833,31
094072,25725,18
094111,17108,13
100005,1949754,1078
102016,333786,221
102024,370722,186
102032,113730,81
102041,200856,86
102059,214113,81
102067,49170,39
102075,75306,37
102083,79339,55
102091,66089,31
102105,49304,29
102113,59104,38
102121,51058,21
103403,35375,19
103446,14505,7
103454,20870,12
103608,3278,1
103667,1264,1
103675,2014,0
103802,23216,22
103829,7866,9
103837,2021,7
103845,13329,6
104205,56425,50
104213,16619,12
104248,5714,7
104256,9690,9
104264,6387,6
104281,3696,1
104299,14319,15
104400,34748,27
104434,4614,6
104442,3348,1
104485,7201,4
104493,19585,16
104604,36030,12
104647,36030,12
105201,98105,42
105210,14835,8
105228,11262,1
105236,11281,4
105244,34388,14
105252,26339,15
110001,7194582,2193
111007,1260267,414
111015,87144,35
111023,144179,39
111031,113336,57
111040,158970,53
111058,97854,31
111066,93602,24
111074,155943,60
111082,179480,47
111091,119737,29
111104,110022,39
112011,344734,117
112020,196815,78
112038,565506,132
112062,81525,47
112071,64021,28
112089,339293,110
112097,79508,27
112101,112300,33
112119,76836,25
112127,88125,21
112143,233111,58
112151,150960,46
112160,54258,27
112178,117635,48
112186,142132,57
112194,225211,68
112216,241237,39
112224,333725,93
112232,68638,28
112241,131073,13
112259,147407,46
112275,133677,22
112283,73794,21
112291,79223,20
112305,161934,41
112313,74662,22
112321,152001,43
112330,67174,19
112348,84236,13
112356,108396,23
112372,135705,24
112381,61836,24
112399,99100,34
112402,51496,22
112411,69011,24
112429,55889,22
112437,70252,21
112453,111314,38
112461,51881,16
113000,44165,8
113018,44165,8
113204,83699,37
113247,37639,14
113263,34262,19
113271,11798,4
113409,132238,61
113417,17912,4
113425,17681,9
113433,30965,12
113468,20488,7
113476,19613,10
113484,14063,8
113492,11516,11
113603,40909,23
113611,8461,5
113620,10022,6
113638,7318,5
113654,12126,5
113697,2982,2
113808,55004,21
113816,11216,5
113832,13634,4
113859,30154,12
114006,34036,12
114081,34036,12
114405,33402,10
114421,33402,10
114600,75231,17
114642,45425,12
114651,29806,5
120006,6152877,2324
121002,942699,327
121011,198577,68
121029,173730,73
121037,154448,64
121045,147297,57
121053,126768,33
121061,141879,32
122025,62390,23
122033,466276,133
122041,615783,192
122050,47564,41
122068,132386,50
122076,478079,157
122084,152634,56
122106,89887,39
122114,128157,47
122122,174120,67
122131,58287,32
122157,65926,42
122165,168433,61
122173,405322,135
122181,18356,22
122190,273994,93
122203,178579,68
122211,191441,45
122220,130869,52
122238,33449,25
122246,108116,25
122254,85763,45
122262,45588,20
122271,162981,21
122289,90451,32
122297,61652,27
122301,70132,22
122319,95798,31
122327,62490,16
122335,48246,8
122343,39426,46
122351,37262,23
122360,78065,46
122378,52614,30
122386,38822,33
122394,49608,25
123200,41744,27
123226,20683,11
123293,21061,16
123404,35077,32
123421,6168,5
123471,14689,13
123498,14220,14
124001,47887,25
124036,16430,10
124095,7291,1
124109,24166,14
124206,61145,53
124214,12314,13
124222,7196,4
124231,14552,9
124249,11555,6
124265,7181,6
124273,8347,15
124401,17186,20
124419,9510,10
124435,7676,10
124605,8193,10
124630,8193,10
130001,13043707,5528
131016,57123,34
131024,143464,48
131032,230250,106
131041,297253,132
131059,204795,98
131067,179222,90
131075,253743,92
131083,480434,118
131091,371019,154
131105,265614,153
131113,695696,274
131121,874339,416
131130,212453,100
131148,309767,162
131156,544407,318
131164,257247,116
131172,325597,156
131181,195282,94
131199,534642,218
131202,707289,270
131211,653864,225
131229,438125,161
131237,660687,183
132012,552115,241
132021,177695,72
132039,141147,87
132047,181725,96
132055,134340,78
132063,253324,89
132071,110322,34
132080,225849,88
132098,423067,183
132101,116980,59
132110,185324,74
132128,180784,65
132136,148215,70
132144,118746,56
132152,73943,29
132187,55195,31
132195,79639,30
132209,84855,23
132217,73374,45
132225,115045,40
132233,70811,27
132241,145891,63
132250,87906,24
132276,55011,17
132284,80663,51
132292,195901,55
133001,57486,60
133035,33041,22
133051,16929,20
133078,2273,4
133086,5243,14
133604,26042,23
133612,7937,11
133621,314,0
133639,2743,3
133647,1875,0
133817,2541,1
133825,302,0
134015,7602,7
134023,160,0
134210,2568,1
140007,8969530,3538
141003,3649259,1400
141011,278561,84
141020,229425,95
141038,94080,49
141046,135407,36
141054,189756,96
141062,200912,83
141071,164006,71
141089,198629,96
141097,335748,131
141101,273592,93
141119,213510,71
141127,246030,97
141135,177194,60
141143,123987,53
141151,121465,46
141160,152391,77
141178,305303,109
141186,209263,53
141305,1438462,470
141313,215244,71
141321,159605,55
141330,242737,76
141348,221584,56
141356,202867,84
141364,224488,61
141372,171937,67
141500,704467,216
141518,170016,41
141526,264876,60
141534,269575,115
142018,406648,249
142034,252882,113
142042,175141,149
142051,423069,179
142069,191809,102
142077,240294,88
142085,59690,31
142107,44900,27
142115,159768,58
142123,219162,65
142131,229426,75
142140,98373,32
142158,128840,31
142166,127601,37
142174,42977,25
142182,82064,24
143006,33213,22
143014,33213,22
143201,47736,14
143219,47736,14
143405,61814,41
143413,32895,22
143421,28919,19
143600,65622,35
143618,9348,6
143626,17090,5
143634,11251,9
143642,10783,9
143669,17150,6
143804,44631,40
143821,11730,15
143839,7495,6
143847,25406,19
144002,41682,15
144011,38664,14
144029,3018,1
150002,2286482,1589
151009,794991,450
151017,75143,38
151025,137552,55
151033,174793,116
151041,69057,40
151050,77547,47
151068,45645,26
151076,156710,93
151084,58544,35
152021,272857,163
152048,99615,53
152056,85574,56
152064,99146,52
152081,36498,35
152099,28135,22
152102,54941,68
152111,41014,24
152129,62367,47
152137,80796,57
152161,44101,37
152170,33343,25
152188,51796,42
152226,195842,152
152234,43482,48
152242,57258,76
152251,37331,36
152269,57439,44
152277,30145,21
153001,14166,7
153079,14166,7
153401,8307,8
153427,8307,8
153605,12101,8
153613,12101,8
153800,11751,15
153851,11751,15
154008,4579,6
154059,4579,6
154601,8009,5
154610,8009,5
154806,9968,22
154822,9968,22
155004,4701,5
155047,4701,5
155802,6229,5
155811,5876,5
155861,353,0
160008,1059931,767
162019,412493,240
162027,171398,153
162043,42330,30
162051,48669,30
162060,33106,19
162078,41448,34
162086,48506,29
162094,30368,30
162108,51753,61
162116,91891,49
163201,50416,42
163210,2996,2
163228,21036,22
163236,26384,18
163406,37553,50
163422,25172,32
163431,12381,18
170003,1141345,692
172014,449517,259
172022,54060,43
172031,107021,67
172049,28044,25
172057,15137,17
172065,67885,40
172073,22257,21
172090,34800,22
172103,112085,55
172111,48957,27
172120,51355,23
173207,6263,4
173240,6263,4
173606,64302,29
173614,37550,18
173657,26752,11
173801,34613,27
173843,21129,14
173860,13484,13
174009,18286,11
174076,18286,11
174602,26763,22
174611,8654,4
174637,18109,18
180009,782230,499
182010,261829,181
182028,66117,25
182044,29766,23
182052,33905,16
182061,23897,18
182079,68365,40
182087,28467,12
182095,79803,53
182109,91454,53
183202,18745,7
183229,18745,7
183806,2704,10
183822,2704,10
184004,10955,10
184047,10955,10
184209,22197,15
184233,22197,15
184403,9828,9
184420,9828,9
184802,18802,16
184811,10511,7
184837,8291,9
185001,15396,11
185019,15396,11
190004,830262,594
192015,186492,133
192023,49499,34
192040,30571,24
192058,35697,38
192066,25320,25
192074,29832,17
192082,71325,39
192091,47244,53
192104,74365,18
192112,69477,35
192121,23941,18
192139,32698,40
192147,29525,14
193402,16132,21
193461,16132,21
193607,37352,54
193640,1120,0
193658,12610,22
193666,8146,15
193682,15476,17
193801,18966,6
193844,18966,6
194204,50495,24
194221,1751,0
194239,4426,0
194247,9219,4
194255,5677,2
194298,3142,7
194301,26280,11
194409,1331,1
194425,737,1
194433,594,0
200000,2094757,1598
202011,378474,275
202029,237562,153
202037,155784,113
202045,50132,39
202053,101449,90
202061,49203,37
202070,50878,37
202088,42314,24
202096,67538,48
202100,32668,22
202118,44726,30
202126,28018,18
202134,21643,18
202142,55350,41
202151,66441,42
202177,98451,85
202185,60652,42
202193,30121,20
202207,96898,61
203009,25007,39
203033,4718,10
203041,3935,4
203050,3046,9
203068,1041,0
203076,775,1
203092,11492,15
203203,42428,24
203211,19856,13
203238,15143,3
203246,7429,8
203408,10788,12
203491,4492,7
203505,6296,5
203602,43049,35
203611,20476,9
203629,14735,14
203637,7838,12
203807,82431,68
203823,19705,21
203831,24353,17
203840,9502,12
203858,15004,10
203866,4970,1
203882,8897,7
204005,60979,62
204021,13448,8
204030,13149,7
204048,4779,11
204072,6498,12
204099,448,1
204102,966,0
204111,3818,5
204129,581,1
204137,1375,3
204145,1665,2
204153,6483,11
204161,6713,1
204170,1056,0
204200,28167,27
204226,4695,5
204234,4310,6
204251,2982,5
204293,794,0
204307,3844,3
204323,11542,8
204404,22756,28
204463,2851,15
204480,1861,2
204501,8665,2
204510,4626,1
204528,4753,8
204803,31502,24
204811,10073,9
204820,9818,9
204854,8655,3
204862,2956,3
205206,14908,18
205214,14908,18
205401,18236,18
205419,11056,9
205435,7180,9
205605,21363,17
205613,12860,9
205621,4867,5
205630,3636,3
205800,22847,27
205834,8717,12
205885,2631,6
205907,11499,9
206008,1994,4
206024,1994,4
210005,2019491,994
212016,404168,152
212024,157624,61
212032,89353,48
212041,111189,52
212059,88422,39
212067,79197,51
212075,20952,13
212083,37506,35
212091,67331,19
212105,51060,47
212113,51898,31
212121,57850,40
212130,145760,52
212148,95371,42
212156,27380,11
212164,52005,21
212172,25003,22
212181,34439,10
212199,42867,39
212202,33446,42
212211,35118,17
213004,46920,12
213021,24749,6
213039,22171,6
213403,29507,17
213411,29507,17
213608,34365,22
213616,27087,15
213624,7278,7
213802,43850,18
213811,19271,10
213829,9558,3
213837,15021,5
214001,69310,25
214019,21977,12
214035,23254,4
214043,24079,9
214205,17894,5
214213,17894,5
215007,49861,35
215015,7652,3
215023,5591,2
215031,10294,3
215040,4013,3
215058,11349,9
215066,8601,13
215074,2361,2
215201,18197,14
215210,18197,14
216003,1648,2
216046,1648,2
220001,3680266,1918
221007,700608,364
221015,253671,144
221023,208061,77
221031,238876,143
221309,786233,432
221317,230558,101
221325,127018,57
221333,110243,67
221341,99281,49
221350,92675,65
221368,96424,47
221376,30034,46
222038,195391,105
222054,37343,32
222062,110214,39
222071,132360,73
222089,70193,57
222097,98912,59
222101,251055,96
222119,163941,73
222127,137894,46
222135,114073,55
222143,145069,62
222151,87285,37
222160,83986,28
222194,22537,14
222208,52013,18
222216,57809,31
222224,31627,31
222232,32516,29
222241,45141,28
222259,49035,33
222267,45297,33
223000,44056,40
223018,12642,7
223026,7461,11
223042,8632,7
223051,6982,3
223069,8339,12
223204,38050,16
223255,38050,16
223409,93291,46
223417,31650,16
223425,42654,20
223441,18987,10
224201,35773,25
224243,28579,11
224294,7194,14
224600,18564,16
224618,18564,16
230006,7315013,2567
231002,2206437,782
231011,153765,60
231029,72308,27
231037,158607,64
231045,143144,53
231053,128309,43
231061,74064,31
231070,98934,50
231088,104585,55
231096,62961,23
231100,213733,65
231118,139604,44
231126,132220,56
231134,169515,52
231142,241065,66
231151,159414,46
231169,154209,47
232017,363280,158
232025,374947,139
232033,380701,131
232041,126855,42
232050,115853,49
232068,305232,93
232076,180564,81
232084,62620,29
232092,68386,25
232106,146097,43
232114,409105,137
232122,180529,63
232131,163842,61
232149,78326,40
232157,72666,21
232165,57467,26
232173,99436,34
232190,145507,43
232203,135222,43
232211,47223,38
232220,112725,22
232238,88820,29
232246,84125,24
232254,66865,12
232262,81849,27
232271,44580,15
232289,45742,17
232297,66249,26
232301,87731,27
232319,62027,35
232327,63503,27
232335,66014,16
232343,83573,14
232351,42837,12
232360,59031,4
232378,86783,17
232386,55557,11
233005,42228,10
233021,42228,10
233404,15083,2
233421,15083,2
233609,57569,17
233617,23264,5
233625,34305,12
234206,72482,19
234249,31397,9
234257,36710,8
234273,4375,2
234401,160023,77
234419,28297,16
234427,48927,17
234451,18260,15
234460,22273,13
234478,42266,16
235008,39694,10
235016,39694,10
235601,9628,19
235610,5063,10
235628,3391,7
235636,1174,2
240001,1798308,928
242012,274163,162
242021,304049,104
242039,127972,76
242047,162700,110
242055,139698,47
242071,193259,55
242080,79370,34
242098,18610,12
242101,47975,26
242110,19486,17
242128,17590,23
242144,44230,16
242152,51859,33
242161,89368,69
243001,6122,2
243035,6122,2
243205,25086,10
243248,25086,10
243400,65993,27
243418,40934,22
243434,10493,3
243442,14566,2
244406,47527,24
244414,14876,4
244422,23011,9
244431,9640,11
244601,46430,45
244619,15526,9
244708,8412,9
244716,9028,12
244724,13464,15
245402,16585,15
245437,16585,15
245607,20236,21
245615,8924,10
245623,11312,11
250007,1395217,631
252018,338546,158
252026,110600,39
252034,117065,68
252042,81021,34
252069,129735,40
252077,81158,19
252085,67256,15
252093,88988,50
252107,50459,24
252115,52710,13
252123,49900,43
252131,112479,56
252140,39231,31
253804,33503,23
253839,21435,16
253847,12068,7
254207,20529,7
254258,20529,7
254401,22037,11
254410,7248,3
254428,7215,1
254436,7574,7
260002,2515005,1539
261009,1375773,839
261017,108728,86
261025,74089,74
261033,149184,109
261041,103150,75
261050,35266,40
261068,74984,56
261076,93959,56
261084,190487,90
261092,268576,136
261106,128947,59
261114,148403,58
262013,78718,61
262021,84172,72
262030,34130,44
262048,185940,79
262056,18614,24
262064,89605,42
262072,77023,27
262081,55287,24
262099,80153,34
262102,71141,34
262111,67392,29
262129,56417,72
262137,32427,28
262145,74654,29
263001,15591,6
263036,15591,6
263206,15846,8
263222,15846,8
263401,16869,6
263435,7535,3
263443,9334,3
263605,45760,19
263648,1425,3
263656,4153,2
263664,37321,14
263672,2861,0
264008,14750,23
264075,14750,23
264601,24743,39
264636,2204,7
264652,22539,32
270008,8646380,3417
271004,2565982,993
271021,101003,35
271039,70859,10
271047,65902,20
271063,90378,29
271071,79251,43
271080,65428,28
271098,70658,21
271110,58041,16
271136,93789,21
271144,164839,59
271152,74513,33
271161,99979,63
271179,88726,44
271187,163499,72
271195,105844,58
271209,149815,65
271217,127426,75
271225,100347,50
271233,168898,68
271241,111251,31
271250,120032,38
271268,190853,49
271276,115350,34
271284,89301,31
271403,831261,334
271411,142622,76
271420,123724,52
271438,86368,40
271446,137417,43
271454,145070,61
271462,157313,49
271471,38747,13
272027,195915,64
272035,398937,145
272043,101570,68
272051,364938,134
272060,74358,22
272078,351269,153
272086,88109,32
272094,141620,56
272108,400948,150
272116,277680,99
272124,261562,104
272132,99384,33
272141,112934,47
272159,234665,89
272167,107954,54
272175,120107,51
272183,119688,31
272191,184646,55
272205,134212,71
272213,69581,34
272221,112487,54
272230,121879,37
272248,84214,30
272256,57667,35
272264,65182,21
272272,476959,199
272281,62746,23
272299,55530,23
272302,77422,31
272311,57694,28
272329,55641,27
273007,30490,14
273015,30490,14
273201,30911,31
273210,20362,22
273228,10549,9
273406,16924,7
273414,16924,7
273601,68467,25
273619,43839,16
273627,8473,1
273660,16155,8
273805,34847,13
273813,13648,2
273821,15724,7
273830,5475,4
280003,5506465,2683
281000,1501113,721
281018,208729,86
281026,128792,79
281051,103855,54
281069,92869,52
281077,160287,86
281085,221636,116
281093,219893,112
281107,120886,58
281115,244166,78
282014,529626,200
282022,452081,148
282031,295776,116
282049,479440,211
282057,45120,47
282065,94706,65
282073,198815,62
282081,29841,26
282090,83369,77
282103,266018,74
282120,48737,30
282138,41251,33
282146,231407,131
282154,77647,47
282162,91695,26
282171,158466,75
282189,48471,12
282197,112731,32
282201,44250,39
282219,42086,35
282227,24666,27
282235,65352,59
282243,48407,50
282251,31236,28
282260,45040,69
282278,39166,26
282286,39392,18
282294,77787,36
283002,31570,17
283011,31570,17
283606,21507,14
283657,21507,14
283801,65429,25
283819,31129,13
283827,34300,12
284408,43498,28
284424,12569,8
284432,19109,11
284467,11820,9
284602,34112,9
284645,34112,9
284807,15476,10
284815,15476,10
285005,17609,18
285013,17609,18
285803,33572,42
285854,18513,24
285862,15059,18
290009,1368900,760
292010,357465,215
292028,66227,21
292036,87055,45
292044,65763,36
292052,122596,50
292061,58051,32
292079,31638,26
292087,26815,35
292095,119809,48
292109,78542,28
292117,36882,13
292125,31450,27
293202,3720,3
293229,3720,3
293407,77840,36
293423,19145,8
293431,23097,15
293440,28150,11
293458,7448,2
293601,47662,25
293610,8533,4
293628,7007,4
293636,32122,17
293806,3282,8
293857,1528,3
293865,1754,5
294004,12671,10
294012,6989,6
294021,5682,4
294209,99032,54
294241,22734,19
294250,23431,9
294268,34812,13
294276,18055,13
294403,42400,48
294411,7567,9
294420,18056,15
294438,5771,7
294446,742,0
294462,1484,2
294471,429,1
294497,3477,6
294501,966,3
294519,544,1
294527,1493,1
294535,1871,3
300004,978540,652
302015,369721,204
302023,52375,52
302031,64109,39
302040,29107,22
302058,24089,11
302066,76245,55
302074,29663,32
302082,64201,32
302091,53595,24
303003,9345,15
303046,9345,15
303402,25059,24
303411,17342,17
303437,4502,5
303445,3215,2
303607,46784,31
303615,12454,6
303623,7278,6
303666,27052,19
303801,53273,42
303810,7463,10
303828,7938,3
303836,6073,2
303909,8496,4
303917,13199,8
303925,10104,15
304000,41621,31
304018,21884,19
304042,15511,8
304069,4226,4
304204,39353,38
304212,15853,13
304221,3254,2
304247,2842,4
304271,453,0
304280,16951,19
310000,571173,477
312011,189702,151
312029,148190,101
312037,48078,52
312045,34375,18
313009,11778,15
313025,11778,15
313203,28354,30
313254,3377,5
313289,7348,15
313297,17629,10
313602,56838,53
313645,6662,9
313700,17006,10
313718,17875,19
313726,15295,15
313807,42524,45
313840,3485,1
313866,16725,25
313891,11120,12
313904,11194,7
314005,11334,12
314013,4911,4
314021,3333,3
314030,3090,5
320005,689603,675
322016,203114,145
322024,55421,59
322032,171940,141
322041,47694,43
322059,35760,46
322067,39774,37
322075,24027,27
322091,39755,53
323403,13207,20
323438,13207,20
323802,5050,8
323861,5050,8
324400,19476,53
324418,3410,8
324485,4940,14
324493,11126,31
325007,13963,19
325015,7703,11
325058,6260,8
325201,20422,24
325252,2294,2
325261,2908,3
325279,602,0
325287,14618,19
330001,1903779,1312
331007,697437,363
331015,288982,155
331023,144436,81
331031,95430,60
331040,168589,67
332020,478652,257
332038,102189,77
332046,60687,32
332054,49951,64
332071,41147,44
332089,67209,49
332097,31249,52
332101,30583,40
332119,35321,27
332127,37537,28
332135,44296,26
332143,46956,52
332151,28515,38
332160,34951,33
333409,14413,19
333468,14413,19
334201,12317,6
334235,12317,6
334405,11086,8
334456,11086,8
334600,14377,25
334618,14377,25
335801,944,2
335860,944,2
336009,13337,13
336068,13337,13
336203,17383,14
336220,11236,9
336238,6147,5
336408,1471,2
336432,1471,2
336602,19874,28
336637,5009,8
336661,14865,20
336807,11897,13
336815,11897,13
340006,2812091,1889
341002,1176642,591
341011,127801,65
341029,119498,63
341037,139556,86
341045,186335,91
341053,240449,81
341061,146044,115
341070,79557,48
341088,137402,42
342025,227891,184
342033,26564,23
342041,95045,97
342050,138662,111
342076,463371,276
342084,40307,40
342092,53490,71
342106,36638,61
342114,27480,12
342122,180001,98
342131,116150,81
342149,29137,56
342157,23844,36
343005,117594,58
343021,51519,25
343048,28840,11
343072,24263,13
343099,12972,9
343609,25516,40
343684,6625,13
343692,18891,27
344206,7717,16
344311,7717,16
344605,16590,21
344621,16590,21
345407,9452,17
345458,9452,17
350001,1394042,1092
352012,265333,196
352021,166345,116
352039,192380,139
352047,49355,37
352063,116192,80
352071,56068,32
352080,136727,126
352101,51976,42
352110,35200,19
352128,32719,32
352136,25435,33
352152,145085,102
352161,63343,49
353001,17144,44
353051,17144,44
353205,6411,4
353213,6411,4
353400,30850,37
353418,2944,6
353434,15585,17
353442,12321,14
355003,3479,4
355020,3479,4
360007,758844,548
362018,254256,161
362026,59192,33
362034,38893,28
362042,74607,49
362051,42087,34
362069,38285,18
362077,30040,20
362085,27453,40
363006,7034,11
363014,5427,4
363022,1607,7
363201,2451,4
363219,2451,4
363405,31665,21
363413,26051,12
363421,5614,9
363600,8844,22
363685,8844,22
363804,21087,37
363839,4343,5
363871,7059,13
363880,9685,19
364002,98703,46
364011,15244,2
364029,22962,13
364037,34762,15
364045,13513,8
364053,12222,8
364606,9547,14
364681,9547,14
364801,14700,10
364894,14700,10
370002,987146,783
372013,425229,302
372021,111709,51
372030,53608,43
372048,32356,26
372056,61021,55
372064,49867,41
372072,31738,33
372081,66805,80
373206,29524,46
373222,14415,26
373249,15109,20
373401,28352,19
373419,28352,19
373605,3138,5
373648,3138,5
373800,42411,25
373869,18055,4
373877,24356,21
374008,51388,57
374032,9353,18
374041,22974,20
374067,19061,19
380008,1394413,1045
382019,513003,287
382027,160585,151
382035,78430,46
382043,35071,36
382051,120680,82
382060,110352,84
382078,44734,59
382108,37633,25
382132,88696,65
382141,39509,51
382159,33418,25
383406,6895,11
383562,6895,11
383805,8736,12
383864,8736,12
384003,52315,49
384011,30773,31
384020,21542,18
384208,17132,14
384224,17132,14
384402,9853,10
384429,9853,10
384801,14895,19
384844,4118,4
384887,10777,15
385000,22476,19
385069,22476,19
390003,728616,628
392014,332478,219
392022,14160,10
392031,17907,18
392049,47807,22
392057,27524,21
392065,22331,29
392081,21241,17
392090,14234,10
392103,34642,36
392111,33629,17
392120,26380,27
393002,17584,31
393011,2614,6
393029,3349,5
393037,2754,4
393045,2787,3
393053,1345,2
393061,908,2
393070,3827,9
393401,7527,14
393410,3514,6
393444,4013,8
393606,4413,6
393631,4009,6
393649,404,0
393801,29395,39
393860,23674,23
393878,5721,16
394009,58846,90
394017,7170,16
394025,13194,19
394033,5892,11
394050,3635,5
394106,5171,6
394114,6042,11
394122,17742,22
394203,18518,22
394246,5366,7
394271,1633,0
394289,11519,15
400009,5062176,2886
401005,954377,633
401013,100624,95
401030,83279,46
401056,58270,46
401064,176255,116
401072,212760,115
401081,68016,59
401099,255173,156
401307,1482778,615
401315,295506,124
401323,215722,68
401331,178760,77
401340,252507,111
401358,202489,90
401366,122879,56
401374,214915,89
402028,117467,112
402036,303425,161
402044,56979,36
402052,128916,98
402061,48686,34
402079,67521,36
402109,65034,64
402117,48752,34
402125,35134,15
402133,72392,44
402141,26156,19
402150,42683,24
402168,58740,37
402176,102769,40
402184,112116,45
402192,99396,23
402206,96303,56
402214,71530,39
402231,57979,16
402249,61376,31
402257,30399,24
402265,28291,30
402273,39462,54
402281,54345,72
402290,38420,28
402303,99555,70
403008,50195,16
403059,50195,16
403407,227512,88
403415,37059,14
403423,31479,7
403431,45168,20
403440,27690,13
403458,31682,8
403482,8515,10
403491,45919,16
403806,94129,59
403814,14275,12
403822,28620,10
403831,31990,26
403849,19244,11
404004,24234,31
404012,7841,7
404021,16393,24
404209,13723,10
404217,13723,10
404403,31691,36
404471,29458,30
404489,2233,6
405001,15426,10
405035,15426,10
405205,14250,6
405221,14250,6
405400,19707,16
405442,19707,16
406007,80407,61
406015,11367,7
406023,10368,13
406040,9291,8
406058,17428,8
406082,5282,5
406091,3243,4
406104,23428,16
406201,56427,41
406210,36080,23
406252,20347,18
406406,33494,22
406422,6802,2
406465,7763,6
406473,18929,14
410004,832834,626
412015,233229,159
412023,124407,96
412031,71914,26
412040,19805,19
412058,55496,46
412066,49506,41
412074,30079,30
412082,45476,33
412091,26879,23
412104,31942,30
413208,16128,7
413275,16128,7
413402,52277,30
413411,17269,9
413453,9566,3
413461,25442,18
413801,5891,5
413879,5891,5
414000,20407,30
414018,20407,30
414204,40297,39
414239,6805,5
414247,9617,7
414255,23875,27
414409,9101,12
414417,9101,12
420000,1381794,993
422011,426429,279
422029,254771,169
422037,46142,41
422045,138585,97
422053,94952,50
422070,32515,39
422088,23593,33
422096,31661,19
422100,27521,26
422118,38215,40
422126,28596,24
422134,44725,39
422142,47768,44
423009,72492,32
423076,42483,18
423084,30009,14
423203,37351,33
423211,8217,10
423220,14180,13
423238,14954,10
423807,16357,13
423831,2568,6
423912,13789,7
424005,20121,15
424111,20121,15
430005,1786651,1334
431001,729092,378
431010,174592,96
431028,188558,75
431036,91759,63
431044,129415,74
431052,144768,70
432024,128037,96
432032,33425,23
432041,53710,38
432059,25417,19
432067,67035,71
432083,53394,70
432105,49414,57
432113,37471,27
432121,28441,28
432130,59962,49
432148,26941,24
432156,83852,80
432164,60485,39
433403,10538,16
433489,10538,16
433608,41949,49
433641,5382,5
433675,10040,14
433683,15997,11
433691,10530,19
434001,74789,45
434035,34033,19
434043,40756,26
434205,37521,45
434230,4141,10
434248,7361,9
434256,1520,0
434281,6607,11
434329,6818,2
434337,11074,13
434400,86175,94
434418,17264,17
434426,9094,9
434434,33125,23
434442,10928,13
434477,15764,32
434604,12251,13
434680,12251,13
434809,22866,21
434825,18086,14
434841,4780,7
435007,56378,47
435015,11016,9
435058,9962,11
435066,4080,7
435074,2294,2
435104,4625,1
435112,1162,1
435121,3594,4
435139,3896,2
435147,15749,10
435201,7508,5
435317,7508,5
440001,1165898,821
442011,476957,230
442020,115594,69
442038,83986,48
442046,67306,48
442054,73580,67
442062,39635,37
442071,18455,22
442089,22609,41
442097,22783,17
442101,30104,29
442119,57092,52
442127,37316,50
442135,34822,35
442143,29141,34
443204,2152,2
443221,2152,2
443409,28454,18
443417,28454,18
444600,25912,22
444618,9852,12
444626,16060,10
450006,1114552,825
452017,402570,234
452025,166387,138
452033,126331,83
452041,54611,45
452050,46678,50
452068,62484,44
452076,19162,19
452084,31188,29
452092,20131,21
453404,25995,15
453412,25995,15
453609,9673,10
453617,9673,10
453803,27393,15
453820,19855,10
453838,7538,5
454001,71994,66
454010,20861,9
454028,17723,12
454036,1206,1
454044,5342,3
454052,16054,18
454061,10808,23
454206,28947,29
454214,18399,16
454290,1830,2
454303,2940,3
454311,5778,8
454401,21008,27
454419,12754,15
454427,4178,6
454435,4076,6
460001,1660215,1363
462012,604362,372
462039,104217,72
462047,21871,9
462063,21435,16
462080,54131,35
462101,41980,48
462136,15853,14
462144,15460,16
462152,96642,94
462161,49670,59
462179,37446,46
462187,126168,91
462195,28744,20
462209,35386,34
462217,32140,32
462225,44143,39
462233,36363,38
462241,26993,33
462250,76497,70
463001,1093,0
463035,375,0
463043,718,0
463809,22023,30
463922,22023,30
464007,10743,10
464040,10743,10
464406,9800,9
464520,9800,9
464601,13423,11
464686,13423,11
464805,38461,42
464821,6712,7
464902,7973,7
464911,7737,9
464929,16039,19
465003,26888,17
465011,8258,7
465020,5754,3
465054,12876,7
465208,68283,106
465232,1541,2
465241,1757,0
465259,9121,9
465275,6034,13
465291,7316,10
465305,11236,15
465313,6148,16
465321,6898,17
465330,6745,8
465348,6157,6
465356,5330,10
470007,1453208,1037
472018,320064,176
472051,97043,53
472077,48943,35
472085,113421,48
472093,62204,53
472107,60457,39
472115,140208,83
472123,62669,44
472131,121794,106
472140,54083,39
472158,43069,44
473006,65074,129
473014,4906,16
473022,3149,8
473031,1829,3
473065,9566,30
473081,13377,33
473111,10373,8
473138,5912,10
473146,11358,14
473154,4604,7
473201,154348,109
473243,40877,24
473251,13639,8
473260,28519,21
473278,16500,14
473286,20095,21
473294,34718,21
473405,102751,73
473481,19123,14
473502,37880,23
473537,686,0
473545,925,0
473553,720,2
473561,383,0
473570,1247,1
473588,576,0
473596,1256,2
473600,1496,1
473618,8052,12
473626,30407,18
473707,1165,1
473758,1165,1
473804,5915,5
473812,4218,5
473821,1697,0
